family,d,m,t,method,backward,diagonal_backward,strict_upper_backward,lower_backward,forward,linearized_forward,strict_upper_forward,diagonal_forward,relative_linearization_residual,logarithm_reconstruction_residual,precision_relative_change,k_n,k_b,k_d,k_full,p_n,p_b,p_full,p_split
S8,8,8,1,poly,9.553596097603185e-18,0.0,9.553596097603185e-18,0.0,5.1960724535757676e-18,5.1960724535757676e-18,5.1960724535757676e-18,0.0,3.0282274589798606e-18,0.0,0.0,1.5036556276262913,1.5474756350861574,0.9630143562759977,1.6468222248939717,1.4365318536229605e-17,1.4783957188495123e-17,1.5733074381193242e-17,1.4365318536229605e-17
S8,8,8,1,expm,3.310355660802937e-17,0.0,3.310355660802937e-17,0.0,2.3554345011069212e-17,2.3554345011069212e-17,2.3554345011069212e-17,0.0,1.0233362569690546e-17,0.0,0.0,1.5036556276262913,1.5474756350861574,0.9630143562759977,1.6468222248939717,4.977634918810887e-17,5.122694728562081e-17,5.4515672745138464e-17,4.977634918810887e-17
S8,8,8,10,poly,2.1843485033227754e-14,0.0,2.1843485033227754e-14,0.0,1.261777218871457e-16,1.261777218871457e-16,1.261777218871457e-16,0.0,2.6599805702470617e-16,0.0,0.0,7.315021216638649,11.937097797897625,9.521685106264695,40.88312667820659,1.597855564633898e-13,2.6074781708855274e-13,8.930299657069599e-13,1.597855564633898e-13
S8,8,8,10,expm,9.379374392446632e-11,7.015180585368963e-14,9.379371768989913e-11,0.0,8.603066562769507e-14,8.603066562769462e-14,4.915682641832075e-13,5.361138353670917e-13,1.4125417769454556e-13,1.2485445994003619e-102,0.0,7.315021216638649,11.937097797897625,9.521685106264695,40.88312667820659,6.861030348890279e-10,1.1196250940573207e-09,3.834581514487226e-09,6.867709982940025e-10
S8,8,8,100,poly,1.3291259941068733e-07,0.0,1.3291259941068733e-07,0.0,5.176455657521318e-17,5.176455657521302e-17,5.176455657521302e-17,0.0,3.1009841765996117e-15,0.0,0.0,7.00557932582835,93.8036216178986,93.54170830992169,106162011.99623254,9.311297585736166e-07,1.2467683183371447e-05,14.11026897308784,9.311297585736166e-07
S8,8,8,100,expm,0.00014331211960153927,3.038419299915204e-14,0.00014331211960153927,0.0,3.171704258207144e-13,3.171704258222045e-13,1.2756333427296347e-12,1.5919955651272017e-12,4.714297052912713e-12,4.815813630689309e-104,0.0,7.00557932582835,93.8036216178986,93.54170830992169,106162011.99623254,0.0010039844222211834,0.013443195840361818,15214.302960344125,0.0010039844250633728
L12,12,7,1,poly,7.778533061068923e-18,0.0,7.778533061068923e-18,0.0,4.136884395411742e-18,4.136884395411742e-18,4.136884395411742e-18,0.0,1.1404527846153124e-18,0.0,0.0,1.368833164148879,1.3976788192473892,0.8126383708603282,1.5265763407320665,1.0647514022419639e-17,1.0871890904271592e-17,1.1874524536629996e-17,1.0647514022419639e-17
L12,12,7,1,expm,1.6359428088213232e-17,0.0,1.6359428088213232e-17,0.0,1.10337722865178e-17,1.10337722865178e-17,1.10337722865178e-17,0.0,3.4207132109433116e-18,0.0,0.0,1.368833164148879,1.3976788192473892,0.8126383708603282,1.5265763407320665,2.2393327713654962e-17,2.2865226133896443e-17,2.497391586737394e-17,2.2393327713654962e-17
L12,12,7,10,poly,7.521171038306514e-15,0.0,7.521171038306514e-15,0.0,3.96656956241731e-17,3.9665695624173105e-17,3.9665695624173105e-17,0.0,2.6873993074192296e-16,0.0,0.0,8.420678124807507,11.554002251660261,7.965952872224811,52.12581806090213,6.333336043520342e-14,8.689962711171541e-14,3.9204719314769167e-13,6.333336043520342e-14
L12,12,7,10,expm,1.0361560799304501e-11,2.1274983734201944e-14,1.0361538957739378e-11,0.0,3.838921917971224e-14,3.8389219179712305e-14,9.100893181577084e-14,1.267621540660842e-13,1.7444765965211846e-14,7.008552396511731e-102,0.0,8.420678124807507,11.554002251660261,7.965952872224811,52.12581806090213,8.725118444077675e-11,1.197174968058789e-10,5.40104833051522e-10,8.742065995856076e-11
L12,12,7,100,poly,8.15382499934586e-11,0.0,8.15382499934586e-11,0.0,1.3324927238208332e-16,1.3324927238208334e-16,1.3324927238208334e-16,0.0,1.265640120933262e-16,0.0,0.0,49.17312072130421,95.88428793790813,82.32235589616317,31765079.20949837,4.009490210332222e-09,7.81823704032592e-09,0.002590068969646092,4.009490210332222e-09
L12,12,7,100,expm,2.3696285686636052e-05,1.6977465309342201e-13,2.3696285686636052e-05,0.0,1.161427052842144e-12,1.161427052849287e-12,7.391799500077083e-12,8.552819329353261e-12,6.251862705983516e-12,1.0995871003764821e-101,0.0,49.17312072130421,95.88428793790813,82.32235589616317,31765079.20949837,0.0011652203167154677,0.002272101479836342,752.7143918068966,0.001165220330691717
